28/116,None
157/43,Invisible
28/117,Leather Highboots
28/118,Plate Leggings
28/119,Solea
28/120,Shinobi Kyahan
28/121,Greaves
28/122,Lizard Ledelsens
28/123,Raptor Ledelsens
28/124,Hume M Boots
28/125,Sune-Ate
28/126,Shoes
28/127,Moccasins
29/0,Royal Squire's Sollerets
29/1,Royal Knight's Sollerets
29/2,Leggings
29/3,Bronze Leggings
29/4,Bone Leggings
29/5,Kyahan
29/6,Chestnut Sabots
29/7,Tactician Magician's Pigaches
29/8,Ash Clogs
29/9,Gaiters
29/10,Darksteel Sabatons
29/11,Socks
29/12,Battle Boots
29/13,Iron Musketeer's Sabatons
29/14,Centurion's Greaves
29/15,Gavial Greaves
29/16,Scale Greaves
29/17,Mythril Leggings
29/18,Judge's Greaves (GM)
29/19,Custom M Boots
93/28,Fighter's Calligae (WAR AF1)
93/29,Temple Hose (MNK AF1)
93/30,Healer's Duckbills (WHM AF1)
93/31,Wizard's Sabots (BLM AF1)
93/32,Warlock's Boots (RDM AF1)
93/33,Rogue's Poulaines (THF AF1)
95/107,Gallant Leggings (PLD AF1)
95/108,Chaos Sollerets (DRK AF1)
95/109,Beast Gaiters (BST AF1)
95/110,Choral Slippers (BRD AF1)
95/111,Hunter's Socks (RNG AF1)
98/43,Myochin Sune-Ate (SAM AF1)
98/44,Ninja Kyahan (NIN AF1)
98/45,Drachen Greaves (DRG AF1)
98/46,Evoker's Pigaches (SMN AF1)
157/61,Magus Charuqs (BLU AF1)
160/95,Corsair's Bottes (COR AF1)
163/95,Puppetry Babouches (PUP AF1)
189/27,Dancer's Shoes (DNC AF1)
189/28,Scholar's Loafers (SCH AF1)
119/0,Tiger Ledelsens
119/1,Iron Greaves
119/124,Steel Greaves
119/125,Coeurl Ledelsens
119/126,Adaman Sabatons
119/127,Coral Leggings
120/0,Noble's Pumps
120/1,Thick Sollerets
120/2,Arhat's Sune-Ate
120/3,Dragon Greaves
124/9,Rasetsu Sune-Ate
124/10,Crimson Greaves
124/11,Adaman Sollerets
124/12,Ogre Ledelsens
124/13,Koenig Schuhs
125/40,War Boots
124/9,Yasha Sune-Ate
125/105,Suzaku's Sune-Ate
125/106,Hecatomb Leggings
125/107,Errant Pigaches
125/108,Fisherman's Boots
125/109,Chocobo Boots
125/110,Vagabond's Boots
128/124,Field Boots
128/125,Shura Sune-Ate
128/126,Zenith Pumps
128/127,Dusk Ledelsens
129/0,Dragon Leggings
131/79,Warrior's Calligae (WAR AF2)
131/80,Melee Gaiters (MNK AF2)
131/81,Cleric's Duckbills (WHM AF2)
131/82,Sorcerer's Sabots (BLM AF2)
131/83,Duelist's Boots (RDM AF2)
131/84,Assassin's Poulaines (THF AF2)
131/85,Valor Leggings (PLD AF2)
131/86,Abyss Sollerets (DRK AF2)
131/87,Monster Gaiters (BST AF2)
131/88,Bard's Slippers (BRD AF2)
131/89,Scout's Socks (RNG AF2)
131/90,Saotome Sune-Ate (SAM AF2)
131/91,Koga Kyahan (NIN AF2)
131/92,Wyrm Greaves (DRG AF2)
131/93,Summoner's Pigaches (SMN AF2)
212/42,Mirage Charuqs (BLU AF2)
214/24,Commodore Bottes (COR AF2)
212/43,Pantin Babouches (PUP AF2)
217/114,Etoile Shoes (DNC AF2)
217/71,Argute Loafers (SCH AF2)
131/94,Austere Sabots
136/101,Waders
143/97,Hydra Spats
143/98,Shade Leggings
143/99,Garish Pumps
143/100,Seer's Pumps
143/101,Hydra Gaiters
143/102,Noct Gaiters
145/89,Bison Gamashes
145/90,Sha'ir Crackows
146/39,Barone Gambieras
146/78,Igqira Huaraches
148/12,Eisenschuhs
148/127,Lord's Sabatons
150/25,Hachiman Sune-Ate
150/26,Blessed Pumps
151/41,Wise Pigaches
153/12,Unicorn Leggings
153/49,Trader's Pigaches
154/53,Alumine Solerets
154/116,Black Sollerets
157/79,Nashira Crackows
158/14,Homam Gambieras
158/85,Trader's Pigaches (Black)
158/120,Crow Gaiters
153/90,Hydra Sollerets
160/60,Hydra Boots
161/31,Sipahi Boots
161/33,Jaridah Nails
161/32,Amir Boots
165/32,Pahluwan Crackows
164/109,Yigit Crackows
164/108,Volunteer's Armor
174/37,Ares's Sollerets
174/38,Skadi's Jambeaux
174/61,Usukane Sune-Ate
174/62,Marduk's Crackows
174/63,Morrigan's Pigaches
182/75,Goliard Clogs
182/4,Denali Gamashes
182/74,Askar Gambieras
185/88,Shadow Sabatons
185/89,Shadow Clogs
196/111,Dream Boots
199/47,Cobra Unit Boots
200/76,Cobra Unit Sabots
201/19,Iron Ram Sollerets
198/110,Fourth Division Boots
196/66,Bastokan Armor
195/81,Karasutengu Kogake
157/43,-for Custom Trunks-
207/30,Hachiryu Sune-Ate
157/43,-for Benedight Hose-
217/72,Noble Poulaines
219/61,Gothic Sabatons
235/51,Ebon Sabatons
235/52,Furia Sabatons
235/53,Ebur Sabatons
235/54,Ebon Greaves
235/55,Furia Greaves
235/56,Ebur Greaves
235/57,Ebon Sollerets
235/58,Furia Sollerets
235/59,Ebur Sollerets
235/60,Ebon Leggings
235/61,Furia Leggings
235/62,Ebur Leggings
227/87,Ebon Boots
227/88,Furia Boots
227/89,Ebur Boots
227/90,Ebon Socks
227/91,Furia Socks
227/92,Ebur Socks
227/93,Shikkoku Sune-ate
227/94,Shinku Sune-ate
227/95,Ginhaku Sune-ate
227/96,Ebon Gaiters
229/106,Furia Gaiters
229/107,Ebur Gaiters
231/125,Ebon Brogues
231/126,Furia Brogues
231/127,Ebur Brogues
232/0,Ebon Sabots
232/1,Furia Sabots
232/2,Ebur Sabots
232/3,Ebon Galoshes
232/4,Furia Galoshes
232/5,Ebur Galoshes
232/6,Ebon Clogs
232/7,Furia Clogs
232/8,Ebur Clogs
239/43,Purple Boots
240/76,Spritewarden's Sabatons
247/75,Serpentes Sabots
247/76,Praeda Sabatons
247/77,Augur's Gaiters
220/75,Perle Solerets
220/76,Teal Pigaches
220/77,Aurore Gaiters
240/74,Goetia Sabots (BLM AF3)
240/75,Creed Sabatons (PLD AF3)
243/123,Ravager's Calligae (WAR AF3)
243/124,Estoqueur's Houseeaux (RDM AF3)
251/14,Tantra Gaiters (MNK AF3)
251/15,Raider's Poulaines (THF AF3)
251/16,Bale Sollerets (DRK AF3)
251/17,Ferine Ocreae (BST AF3)
251/18,Aoidos' Cothurnes (BRD AF3)
251/19,Unkai Sune-Ate (SAM AF3)
251/20,Iga Kyahan (NIN AF3)
251/21,Lancer's Schynbalds (DRG AF3)
251/22,Mavi Basmak (BLU AF3)
251/23,Navarch's Bottes (COR AF3)
251/24,Cirque Scarpe (PUP AF3)
251/25,Savant's Loafers (SCH AF3)
254/22,Orison Duckbills (WHM AF3)
254/78,Charis Toeshoes (DNC AF3)
255/19,Sylvan Bottillons (RNG AF3)
255/20,Caller's Pigaches (SMN AF3)
264/26,Calmecac Leggings
264/27,Jingang Greaves
264/28,Menhit Leggings
268/21,Kheper Gamashes
268/22,Paean Boots
271/43,Ogier's Leggings
271/44,Athos's Boots
271/45,Rubeus Boots
277/58,Auspex Nails
277/59,Hrafn Gambieras
277/60,Tenryu Sune-Ate
280/90,???
280/91,???
282/40,Dux Greaves
282/41,Chelona Boots
288/86,Ocular Boots
286/89, Geomancy sandals (GEO AF1)
292/32, Runeist bottes (RUN AF1)
290/47, Karieyh Sollerets
290/48, Thurandaut Boots
290/49, Orvail Souliers
290/50, Morass boots
292/31, Chocaliztli / Whirlpool
300/116, Mikinaak Greaves
300/117, Manibozho Boots
300/118, Bokwus Boots
304/15, Uk'uxkaj boots
304/118, Bagua sandals (GEO AF2)
305/42, Futhark bottes (RUN AF2)
305/43, Gorney Sollerets
305/44, Shneddick Boots
305/45, Weatherspoon Souliers
310/62, Thatch boots
312/26, Qaaxo Leggings
312/27, Artsieq Boots
312/28, Xaddi Boots
315/55, Erilaz greaves (RUN AF3)
328/120, Despair greaves
324/104, Punchinellos
346/14, Merlinic crackows
326/125, Azimuth Gaiters (GEO AF3)
328/120, Despair greaves
328/121, Pursuer's gaiters
328/122, Psycloth shoes
328/123, Eschite greaves
328/124, Rawhide boots
328/125, Naga kyahan
328/126, Vanya clogs
335/109, Founder's greaves
335/110, Agent boots
343/48, Composer's sabots
343/49, Odyssean greaves
343/50, Valorus greaves
346/14, Merlinic crackows
348/49, Chironic slippers
349/41, Herculean boots
307/43, Alliance boots
327/97, Pupil's shoes
362/32,Malignance Boots