32/111,None
32/112,Leather Vest
32/113,Breastplate
32/114,Tunic
32/115,Shinobi Gi
32/116,Chainmail
32/117,Lizard Jerkin
32/118,Raptor Jerkin
32/119,Hume Vest
32/120,Hara-Ate
32/121,Cloak
32/122,Silk Cloak
32/123,Royal Squire's Chainmail
32/124,Royal Knight's Chainmail
32/125,Padded Armor
32/126,Bronze Harness
32/127,Bone Harness
33/0,Kenpogi
33/1,Wool Robe
33/2,Tactician Magician's Coat
33/3,Robe
33/4,Doublet
33/5,Darksteel Cuirass
33/6,Gambison
33/7,Battle Jupon
33/8,Iron Musketeer's Cuirass
33/9,Centurion's Scale Mail
33/10,Gavial Mail
33/11,Scale Mail
33/12,Mythril Breastplate
33/13,Judge's Cuirass (GM)
33/14,Custom Vest
33/15,Assault Breastplate
33/16,Cardinal Vest
33/17,Scorpion Harness
33/18,Demon's Harness
33/19,Lord's Cuirass
33/20,Jujitsu Gi
33/21,Royal Knight's Aketon
33/22,Aketon
33/23,Haubergeon
33/24,Byrnie
33/25,War Shinobi Gi
33/26,Earth Doublet
33/27,Brigandine
93/41,Justaucorps
93/42,Black Cloak
93/43,Vermillion Cloak
93/44,Blue Cotehardie
93/45,Black Cotehardie
93/46,Fighter's Lorica (WAR AF1)
93/47,Temple Cyclas (MNK AF1)
93/48,Healer's Briault (WHM AF1)
93/49,Wizard's Coat (BLM AF1)
93/50,Warlock's Tabard (RDM AF1)
93/51,Rogue's Vest (THF AF1)
95/117,Gallant Surcoat (PLD AF1)
95/118,Chaos Cuirass (DRK AF1)
95/119,Beast Jackcoat (BST AF1)
95/120,Choral Justaucorps (BRD AF1)
95/121,Hunter's Jerkin (RNG AF1)
98/62,Myochin Domaru (SAM AF1)
98/63,Ninja Chainmail (NIN AF1)
98/64,Drachen Mail (DRG AF1)
98/65,Evoker's Doublet (SMN AF1)
162/52,Magus Jubbah (BLU AF1)
160/97,Corsair's Frac (COR AF1)
163/4,Puppetry Tobe (PUP AF1)
189/31,Dancer's Casaque (DNC AF1)
189/32,Scholar's Gown (SCH AF1)
119/2,Tiger Jerkin
119/3,Iron Scale Mail
120/17,Steel Scale Mail
120/18,Coeurl Jerkin
120/19,Adaman Cuirass
120/20,Coral Harness
120/21,Noble's Tunic
120/22,Hauberk
120/23,Arhat's Gi
120/24,Dragon Mail
124/19,Rasetsu Samue
124/20,Crimson Scale Mail
124/21,Adaman Hauberk
124/22,Ogre Jerkin
124/23,Koenig Cuirass
125/42,War Aketon
125/126,Holy Breastplate
125/127,Yasha Samue
126/0,Kirin's Osode
126/1,Hecatomb Harness
126/2,Errant Houppelande
126/3,Fisherman's Tunica
126/4,Chocobo Jack Coat
126/5,Vagabond's Tunica
129/9,Field Tunica
129/10,Shura Togi
129/11,Dalmatica
129/12,Carapace Breastplate
129/13,Dusk Jerkin
129/14,Dragon Harness
131/113,Warrior's Lorica (WAR AF2)
131/114,Melee Cyclas (MNK AF2)
131/115,Cleric's Briault (WHM AF2)
131/116,Sorcerer's Coat (BLM AF2)
131/117,Duelist's Tabard (RDM AF2)
131/118,Assassin's Vest (THF AF2)
131/119,Valor Surcoat (PLD AF2)
131/120,Abyss Cuirass (DRK AF2)
131/121,Monster Jackcoat (BST AF2)
131/122,Bard's Justaucorps (BRD AF2)
131/123,Scout's Jerkin (RNG AF2)
131/124,Saotome Domaru (SAM AF2)
131/125,Koga Chainmail (NIN AF2)
131/126,Wyrm Mail (DRG AF2)
131/127,Summoner's Doublet (SMN AF2)
214/70,Mirage Jubbah (BLU AF2)
214/71,Commodore Frac (COR AF2)
214/72,Pantin Tobe (PUP AF2)
217/116,Etoile Casaque (DNC AF2)
217/74,Argute Gown (SCH AF2)
132/0,Scorpion Breastplate
132/1,Austere Robe
132/2,Opaline Dress
137/6,Kingdom Aketon
137/7,Federation Aketon
137/8,Republic Aketon
137/9,Carpenter's Apron
137/10,Blacksmith's Apron
137/11,Weaver's Apron
137/12,Alchemist's Apron
137/13,Boneworker's Apron
137/14,Fisherman's Apron
137/15,Tanner's Apron
137/16,Culinarian's Apron
137/17,Goldsmith's Apron
143/115,Hydra Harness
143/116,Shade Harness
143/117,Garish Tunic
143/118,Seer's Tunic
143/119,Hydra Doublet
143/120,Noct Doublet
145/95,Bison Jacket
145/96,Sha'ir Manteel
146/41,Barone Corazza
146/80,Igqira Weskit
148/14,Eisenbrust
150/31,Hachiman Domaru
150/32,Blessed Briault
151/43,Chasuble
153/14,Unicorn Harness
153/51,Trader's Saio
154/56,Alumine Haubert
154/118,Plastron
157/82,Nashira Manteel
158/19,Homam Corazza
158/87,Trader's Saio (Black)
158/122,Crow Jupon
159/86,Dream Robe
153/98,Hydra Haubert
160/62,Hydra Jupon
163/5,Sipahi Jawshan
163/6,Jaridah Peti
165/123,Amir Korazin
165/124,Pahluwan Khazagand
165/125,Yigit Gomlek
157/22,Hume Top
143/13,Omina Yukata
170/84,Corselet
170/85,Kyudogi
174/68,Ares's Cuirass
174/69,Skadi's Cuirie
175/87,Usukane Haramaki
175/88,Marduk's Jubbah
175/89,Morrigan's Robe
182/87,Goliard Saio
182/7,Denali Jacket
182/86,Askar Korazin
182/78,Orange Racing Silks
182/79,Black Racing Silks
182/80,Purple Racing Silks
182/81,Sky Blue Racing Silks
182/82,Blue Racing Silks
182/83,Red Racing Silks
182/84,White Racing Silks
182/85,Green Racing Silks
185/91,Shadow Breastplate
185/124,Shadow Coat
184/72,Valhalla Breastplate
199/49,Cobra Unit Harness
200/80,Cobra Unit Coat
201/23,Iron Ram Hauberk
196/114,Fourth Division Brunne
196/113,Bastokan Armor
204/64,Custom Top
207/31,Hachiryu Haramaki
214/74,Eerie Cloak
214/73,Tidal Talisman
219/91,Royal Redingote
221/50,Nuevo Coselete
221/44,Mirke Wardecors
223/44,Onnagusa Yukata
225/47,Carpenter's Smock
225/48,Blacksmith's Smock
225/49,Weaver's Smock
225/50,Alchemist's Smock
225/51,Boneworker's Smock
225/52,Fisherman's Smock
225/53,Tanner's Smock
225/54,Culinarian's Smock
225/55,Goldsmith's Smock
235/75,Ebon Cuirass
235/76,Furia Cuirass
235/77,Ebur Cuirass
235/78,Ebon Mail
235/79,Furia Mail
235/80,Ebur Mail
235/81,Ebon Haubert
235/82,Furia Haubert
235/83,Ebur Haubert
235/84,Ebon Breastplate
235/85,Furia Breastplate
235/86,Ebur Breastplate
227/108,Ebon Harness
227/109,Furia Harness
227/110,Ebur Harness
227/111,Ebon Jerkin
227/112,Furia Jerkin
227/113,Ebur Jerkin
227/114,Shikkoku Togi
227/115,Shinku Togi
227/116,Ginhaku Togi
227/117,Ebon Vest
229/110,Furia Vest
229/111,Ebur Vest
232/21,Ebon Talar
232/22,Furia Talar
232/23,Ebur Talar
232/24,Ebon Coat
232/25,Furia Coat
232/26,Ebur Coat
232/27,Ebon Bliaut
232/28,Furia Bliaut
232/29,Ebur Bliaut
232/30,Ebon Frock
232/31,Furia Frock
232/32,Ebur Frock
238/112,Dinner Jacket
238/113,Nocturnus Mail
247/83,Grim Cuirass
247/84,Timarli Jawshan
247/85,Yhel Jacket
247/86,Juogi
247/87,Augur's Jaseran
247/88,Loki's Kaftan
247/89,Perle Hauberk
247/90,Teal Saio
247/91,Aurore Doublet
241/16,Goetia Coat (BLM AF3)
241/17,Creed Cuirass (PLD AF3)
243/127,Ravager's Lorica (WAR AF3)
244/0,Estoqueur's Sayon (RDM AF3)
251/38,Tantra Cyclas (MNK AF3)
251/39,Raider's Vest (THF AF3)
251/40,Bale Cuirass (DRK AF3)
251/41,Ferine Gausape (BST AF3)
251/42,Aoidos' Hongreline (BRD AF3)
251/43,Unkai Domaru (SAM AF3)
251/44,Iga Ningi (NIN AF3)
251/45,Lancer Plackart (DRG AF3)
251/46,Mavi Mintan (BLU AF3)
251/47,Navarch's Frac (COR AF3)
251/48,Cirque Farsetto (PUP AF3)
251/49,Savant's Gown (SCH AF3)
254/24,Orison Bliaud (WHM AF3)
254/80,Charis Casaque (DNC AF3)
256/29,Sylvan Caban (RNG AF3)
256/30,Caller's Doublet (SMN AF3)
261/71,Twilight Mail
261/72,Twilight Cloak
263/2,Novennial Dress
263/13,Cuauhtli Harness
263/14,Fazheluo Mail
263/58,Hyksos Robe
263/79,Mextli Harness
263/80,Anhur Robe
263/81,Fazheluo Radiant Mail
265/114,Himegami Yukata
266/3,Ocelomeh Harness
266/4,Nefer Kalasiris
266/5,Mekira Toshugai
266/115,Heka's Kalasiris
266/124,Toci's Harness
267/17,Mekira Meikogai
271/50,Ogier's Surcoat
271/51,Athos's Tabard
271/52,Rubeus Jacket
271/53,Fulad-Zereh
271/54,Praeco Doublet
277/66,Kheper Jacket
277/67,Paean Bliaut
277/68,Auspex Doublet
277/69,Hrafn Haubert
277/70,Tenryu Domaru
277/71,Tessera Saio
281/103,Matanca harness
281/104,Marine Top
282/10,Decennial Dress
282/44,Dux Scale Mail
282/45,Chelona Blazer
286/21,Moogle Suit
288/101,Baalmuian Robe
289/88, Chocobo Shirt
286/91, Geomancy tunic (GEO AF1)
292/37, Runeist coat (RUN AF1)
290/55, Karieyh Haubert
290/56, Thurandaut Tabard
290/57, Orvail Robe
290/58, Councilor's garb
290/59, Morass tunic
300/122, Mikinaak Breastplate
300/123, Manibozho Jerkin
300/124, Bokwus Robe
304/19, Chocobo Suit
304/20, Rustic Maillot
304/120, Bagua tunic (GEO AF2)
305/50, Futhark coat (RUN AF2)
305/51, Gorney Haubert
305/52, Shneddick Tabard
305/53, Weatherspoon Robe
310/65, G. Spriggan Coat
310/66, Overalls
312/32, Qaaxo Harness
312/33, Artsieq Jubbah
312/34, Xaddi Mail
313/125, Purple Spriggan Coat
313/126, Red Spriggan Coat
315/58, Erilaz surcoat (RUN AF3)
316/119, Goblin suit
317/48, Shokujo happi
320/84, Mekosuchinae harness
321/91, Mandragora body
324/113, Ravenous Breastplate
324/114, Wretched Coat
324/115, Foppish Tunica
326/50, Heart apron
327/5, Azimuth Robe (GEO AF3)
327/6, Tartarus Platemail
327/98, Pupil's Shirt
329/25, Despair mail
329/26, Pursuer's doublet
329/27, Psycloth vest
329/28, Eschite breastplate
329/29, Rawhide vest
329/30, Naga samue
329/31, Vanya robe
329/32, Behemoth suit
329/33, Poroggo coat
334/94, Vrikodara jupon
334/95, Lapidary tunic
334/120, Pupil's camisa
335/4, Cossie top
335/25, Chozoron coselete
335/122, Founder's breastplate
335/123, Jumalik mail
335/124, Samnuha coat
335/125, Starlet jabot
338/126, Terminal plate
338/127, Gyve doublet
339/23, Track shirt
341/18, Botulus suit
343/71, Odyssean chestplate
343/72, Valorus mail
343/73, Korrigan suit
346/16, Merlinic jubbah
347/27, Wyrmking suit
348/51, Chironic doublet
349/43, Herculean vest
350/102, Pieuje Unity shirt
350/103, Ayame Unity shirt
350/104, I. Shield Unity shirt
350/105, Apururu Unity shirt
350/106, Maat Unity shirt
350/107, Aldo Unity shirt
350/108, Jakoh Unity shirt
350/109, Naja Unity shirt
350/110, Flaviria Unity shirt
350/111, Yoran Unity shirt
350/112, Sylvie Unity shirt
351/41, Rhapsody shirt
351/117, Akitu shirt
289/88, Chocobo shirt
307/44, Alliance shirt
352/86,Delegate's Garb
353/19,Jubilee Shirt
353/43,Black Chocobo Suit
353/103,Crustacean Shirt
355/103,Gil Nabber Shirt
357/49,Swimsuit
358/89,Shadow Lord Shirt
361/54,Jody Shirt
361/118,Sacro Breastplate
362/10,Citrullus Shirt
362/36,Malignance Tabard
363/52,Mithkabob Shirt