32/79,None
32/80,Leather Bandana
32/81,Sallet
32/82,Shinobi Hachigane
32/83,Iron Mask
32/84,Lizard Helm
32/85,Raptor Helm
32/86,Zunari Kabuto
32/87,Royal Squire's Helm
32/88,Royal Knight's Bascinet
32/89,Padded Cap
32/90,Bronze Cap
32/91,Bone Mask
32/92,Hachimaki
32/93,Wool Hat
32/94,Tactician Magician's Hat
32/95,Circlet
32/96,Headgear
32/97,Darksteel Armet
32/98,Red Cap
32/99,Green Beret
32/100,Iron Musketeer's Armet
32/101,Centurion's Visor
32/102,Gavial Mask
32/103,Faceguard
32/104,Mythril Sallet
32/105,Judge's Helm (GM)
32/106,Blue Ribbon
32/107,Purple Ribbon
32/108,Green Ribbon
32/109,Black Ribbon
32/110,Scarlet Ribbon
93/35,Fighter's Mask (WAR AF1)
93/36,Temple Crown (MNK AF1)
93/37,Healer's Cap (WHM AF1)
93/38,Wizard's Petasos (BLM AF1)
93/39,Warlock's Chapeau (RDM AF1)
93/40,Rogue's Bonnet (THF AF1)
95/112,Gallant Coronet (PLD AF1)
95/113,Chaos Burgeonet (DRK AF1)
95/114,Beast Helm (BST AF1)
95/115,Choral Roundlet (BRD AF1)
95/116,Hunter's Beret (RNG AF1)
98/58,Myochin Kabuto (SAM AF1)
98/59,Ninja Hatsuburi (NIN AF1)
98/60,Drachen Armet (DRG AF1)
98/61,Evoker's Horn (SMN AF1)
162/51,Magus Keffiyeh (BLU AF1)
160/96,Corsair's Tricorne (COR AF1)
163/1,Puppetry Taj (PUP AF1)
189/29,Dancer's Tiara (DNC AF1)
189/30,Scholar's Mortarboard (SCH AF1)
120/10,Coeurl Mask
120/11,Adaman Barbuta
120/12,Coral Cap
120/13,Noble's Crown
120/14,Celata
120/15,Arhat's Jinpachi
120/16,Dragon Mask
124/14,Rasetsu Jinpachi
124/15,Crimson Mask
124/16,Adaman Celata
124/17,Ogre Mask
124/18,Koenig Schaller
125/41,War Beret
125/121,Pumpkin Head
125/122,Roshi Jinpachi
125/123,Genbu's Kabuto
125/124,Hecatomb Cap
125/125,Errant Hat
129/1,Tiger Mask
129/2,Wyvern Helm
129/3,Demon Helm
129/4,Shura Zunari Kabuto
129/5,Zenith Crown
129/6,Carapace Helm
129/7,Dusk Mask
129/8,Dragon Cap
131/95,Warrior's Mask (WAR AF2)
131/96,Melee Crown (MNK AF2)
131/97,Cleric's Cap (WHM AF2)
131/98,Sorcerer's Petasos (BLM AF2)
131/99,Duelist's Chapeau (RDM AF2)
131/100,Assassin's Bonnet (THF AF2)
131/101,Valor Coronet (PLD AF2)
131/102,Abyss Burgeonet (DRK AF2)
131/103,Monster Helm (BST AF2)
131/104,Bard's Roundlet (BRD AF2)
131/105,Scout's Beret (RNG AF2)
131/106,Saotome Kabuto (SAM AF2)
131/107,Koga Hatsuburi (NIN AF2)
131/108,Wyrm Armet (DRG AF2)
131/109,Summoner's Horn (SMN AF2)
214/67,Mirage Keffiyeh (BLU AF2)
214/68,Commodore Tricorne (COR AF2)
214/69,Pantin Taj (PUP AF2)
217/115,Etoile Tiara (DNC AF2)
217/73,Argute Mortarboard (SCH AF2)
131/110,Scorpion Helm
131/111,Austere Hat
131/112,Lilac Corsage
137/0,Panther Mask
137/1,Opo-opo Crown
137/2,Magnifying Specs.
137/3,Protective Specs.
137/4,Chef's Hat
137/5,Shaded Specs.
143/111,Garish Crown
143/112,Seer's Crown
143/113,Hydra Beret
143/114,Noct Beret 
145/91,Hydra Tiara
145/92,Shade Tiara
145/93,Bison Warbonnet
145/94,Sha'ir Turban
146/40,Barone Zucchetto
146/79,Igqira Tiara
148/13,Eisenschaller
149/8,Lord's Armet
149/109,Dream Hat
150/30,Hachiman Jinpachi
151/42,Wise Cap
152/65,Orc Helm
152/66,Yagudo Headgear
152/52,Goblin Coif
152/67,Quadav Barbut
153/13,Unicorn Cap
153/50,Trader's Chapeau
154/55,Alumine Salade
154/117,Black Sallet
155/64,Maat's Cap
155/65,Mandragora Beret
155/66,Guide Beret
156/88,Stars Cap
156/104,Laurel Crown
157/81,Nashira Turban
158/18,Homam Zucchetto
158/86,Trader's Chapeau (Black)
158/121,Crow Beret
153/97,Hydra Moufles
160/61,Hydra Cap
163/2,Sipahi Turban
163/3,Jaridah Khud
165/120,Amir Puggaree
165/121,Pln. Qalansuwa
165/122,Yigit Turban
170/102,Witch Hat
174/66,Ares's Mask
174/67,Skadi's Visor
175/84,Usukane Somen
175/85,Marduk's Tiara
175/86,Morrigan's Coronal
182/6,Egg helm
182/77,Goliard Chapeau
182/5,Denali Bonnet
182/76,Askar Zucchetto
185/90,Shadow Helm
185/123,Shadow Hat
185/122,Valhalla Helm
186/110,Glory Crown
186/111,Moogle Cap
186/112,Nomad Cap
187/59,Dandy Specs.
187/116,Mamool Ja Helm
187/117,Lamia Garland
187/118,Troll Coif
187/119,Qiqirn Hood
199/48,Cobra Unit Cap
200/79,Cobra Unit Cloche
201/20,Iron Ram Sallet
196/112,Fourth Division Haube
197/85,Bastokan Armor
201/21,Sol cap
201/22,Lunar cap
210/11,Viking Helm
219/62,Eyepatch
220/2,Spelunker's Helm
223/61,Jester's Cap
224/40,Champion's Galea
224/57,Anwing Salade
224/41,Selenian Cap
225/46,Snow Bunny Hat
235/63,Ebon Celata
235/64,Furia Celata
235/65,Ebur Celata
235/66,Ebon Helm
235/67,Furia Helm
235/68,Ebur Helm
235/69,Ebon Galea
235/70,Furia Galea
235/71,Ebur Galea
235/72,Ebon Armet
235/73,Furia Armet
235/74,Ebur Armet
227/98,Ebon Mask
227/99,Furia Mask
227/100,Ebur Mask
227/101,Ebon Visor
227/102,Furia Visor
227/103,Ebur Visor
227/104,Shikkoku Hatsuburi
227/105,Shinku Hatsuburi
227/106,Ginhaku Hatsuburi
227/107,Ebon Headgear
229/108,Furia Headgear
229/109,Ebur Headgear
232/9,Ebon Tam
232/10,Furia Tam
232/11,Ebur Tam
232/12,Ebon Hat
232/13,Furia Hat
232/14,Ebur Hat
232/15,Ebon Caubeen
232/16,Furia Caubeen
232/17,Ebur Caubeen
232/18,Ebon Beret
232/19,Furia Beret
232/20,Ebur Beret
238/100,Chocobo Beret
238/111,Nocturnus Helm
247/78,Hero's Galea
247/79,Tokon Hachimaki
247/80,Perle Salade
247/81,Teal Chapeau
247/82,Aurore Beret
241/14,Goetia Petasos (BLM AF3)
241/15,Creed Armet (PLD AF3)
243/125,Ravager's Mask (WAR AF3)
243/126,Estoqueur's Chappel (RDM AF3)
251/26,Tantra Crown (MNK AF3)
251/27,Raider's Bonnet (THF AF3)
251/28,Bale Burgeonet (DRK AF3)
251/29,Ferine Cabasset (BST AF3)
251/30,Aoidos' Calot (BRD AF3)
251/31,Unkai Kabuto (SAM AF3)
251/32,Iga Zukin (NIN AF3)
251/33,Lancer's Mezail (DRG AF3)
251/34,Mavi Kavuk (BLU AF3)
251/35,Navarch's Tricorne (COR AF3)
251/36,Cirque Capello (PUP AF3)
251/37,Savant's Bonnet (SCH AF3)
254/23,Orison Cap (WHM AF3)
254/79,Charis Tiara (DNC AF3)
256/27,Sylvan Gapette (RNG AF3)
256/28,Caller's Horn (SMN AF3)
261/70,Twilight Helm
263/11,Cuauhtli Headpiece
263/12,Fazheluo Helm
263/57,Hyksos Khat
263/122,Destrier Beret
264/29,Charity Cap
266/0,Ocelomeh Headpiece
266/1,Nefer Khat
266/2,Mekira-oto
270/70,Smilodon Mask
270/71,Gallian Helm
270/72,Brego Helm
270/73,Snowman Cap
271/46,Ogier's Helm
271/47,Athos's Chapeau
271/48,Rubeus Bandeau
271/49,Praeco Beret
277/29,Drachenhorn
277/30,Hyaline Hat
277/61,Kheper Bonnet
277/62,Paean Mitra
277/63,Auspex Coif
277/64,Hrafn Coronet
277/65,Tenryu Somen
282/9,Decennial Tiara
282/42,Dux Visor
282/43,Chelona Hat
286/20,Moogle Masque
287/66,Ahriman Cap
286/90, Geomancy galero (GEO AF1)
292/33, Runeist bandeau (RUN AF1)
290/51, Karieyh Morion
290/52, Thurandaut Chapeau
290/53, Orvail Corona
290/54, Mirth masque
292/34, Xux / Nahtirah Hat
292/35, Chocaliztli / Whirlpool
292/36, Quauhpilli / Yaoyotl
300/119, Mikinaak Helm
300/120, Manibozho Beret
300/121, Bokwus Circlet
304/16, Uk'uxkaj Cap
304/17, Buremte Hat
304/18, Chocobo Masque
304/119, Bagua galero (GEO AF2)
305/46, Futhark bandeau (RUN AF2)
305/47, Gorney Morion
305/48, Shneddick Chapeau
305/49, Weatherspoon Corona
308/79, Quiahuiz Helm
310/63, Slime Cap
310/64, Straw Hat
312/29, Qaaxo Mask
312/30, Artsieq Hat
312/31, Xaddi Headgear
313/123, She-Slime Hat
313/124, Metal Slime Hat
314/106, Worm Masque
315/56, Erilaz galea (RUN AF3)
316/118, Gobbie Masque
315/57, G. Moogle Masque
318/106, Morbol cap
320/83, Gavialis helm
321/88, Mandragora masque
321/89, Lycopodium masque
321/90, Flan masque
324/112, Cait Sith cap
325/102, Sheep cap
326/73, Leafkin cap
327/1, Azimuth Hood (GEO AF3)
327/2, Befouled Crown
327/3, Rabbit cap
327/4, Shobuhouou Kabuto
329/16, Volto Oscuro's mask
329/17, Despair Helm
329/18, Pursuer's beret
329/19, Psycloth tiara
329/20, Eschite helm
329/21, Rawhide Mask
329/22, Naga Somen
329/23, Vanya hood
329/24, Behemoth masque
333/23, Skormoth mask
335/117, Founder's corona
335/118, Jumalik helm
335/119, Buffalo hat
335/120, Carbie cap
335/121, Starlet flower
338/125, Terminal helm
343/64, Odyssean helm
343/65, Valorus mask
343/66, Pachypodium masque
343/67, Korrigan masque
343/68, Gazer's helmet
343/69, Curmudgeon's helmet
343/70, Retching helmet
346/15, Merlinic hood
347/26, Wyrmking masque
348/50, Chironic hat
349/42, Herculean helm
351/88, Rabbit cap
351/89, Snoll masque
307/66, Bomb masque
352/15,Crab Cap
352/122,Kakai Cap
353/42,Black Chocobo Cap
353/68,Arthro Cap
353/75,White Rarab Cap
357/99,Royal Chocobo Beret
358/31,Karakul Cap
361/96,Cath Palug Crown
362/35,Malignance Chapeau
362/104,Tiger Helm